,city,count,count_per_Sqkm
0,Paris,64690,613.7571157495256
1,New York,37012,47.22122990558816
2,Sydney,33630,2.7191138421733507
3,Rome,27647,21.515175097276266
4,Rio de Janeiro,26615,22.179166666666667
5,Istanbul,24519,4.58899494665918
6,Mexico City,20065,13.511784511784512
7,Bangkok,19361,12.339706819630338
8,Cape Town,19086,7.802943581357318
9,Hong Kong,7087,6.407775768535262
